{
    "loss": 1.1469916105270386,
    "accuracy": 0.7161904573440552
}