{
    "loss": 1.1951100826263428,
    "accuracy": 0.6830475926399231
}